{"false_1": {"error": 1.4343703631862874, "low_end": -3.3553751499965205, "high_end": 6.224115876369096}, "false_2": {"error": 2.098315540267013, "low_end": -3.968614996929297, "high_end": 8.165246077463323}, "true_1": {"error": 1.5388060251413875, "low_end": -4.561956234839161, "high_end": 7.639568285121936}, "true_2": {"error": 1.0655363810677163, "low_end": -3.4603904774253595, "high_end": 5.591463239560792}}